Bus, BasekV, Node1, Magnitude1, Angle1, pu1, Node2, Magnitude2, Angle2, pu2, Node3, Magnitude3, Angle3, pu3, Node4, Magnitude4, Angle4, pu4
"SOURCEBUS", 0, 1,     230.94,    0.0,         0, 2,     230.94, -120.0,         0, 3,     230.94,  120.0,         0, 4,    1.10479,  104.5,         0
"B310", 0, 1,    192.934,   -1.9,         0, 2,    200.245, -120.7,         0, 3,    191.186,  117.9,         0, 4,    4.73172,   59.6,         0
"B2018", 0, 1,    192.934,   -1.9,         0, 2,    200.245, -120.7,         0, 3,    191.186,  117.9,         0, 4,    4.73172,   59.6,         0
"B2390", 0, 1,    195.053,   -1.4,         0, 2,    201.692, -120.7,         0, 3,    194.152,  118.4,         0, 4,    4.13499,   59.9,         0
"B1667", 0, 1,    192.257,   -1.9,         0, 2,    199.433, -121.0,         0, 3,    191.576,  118.0,         0, 4,    3.95739,   45.2,         0
"B1759", 0, 1,    218.359,   -1.4,         0, 2,    216.988, -122.9,         0, 3,    225.479,  119.3,         0, 4,    6.49821, -113.8,         0
"B2837", 0, 1,    218.359,   -1.4,         0, 2,    216.988, -122.9,         0, 3,    225.479,  119.3,         0, 4,    6.49821, -113.8,         0
"B1164", 0, 1,    217.509,   -1.3,         0, 2,    214.548, -123.5,         0, 3,    225.719,  119.3,         0, 4,    8.77182, -111.2,         0
"B58", 0, 1,    217.494,   -1.3,         0, 2,    213.859, -123.5,         0, 3,    225.734,  119.3,         0, 4,    9.42371, -111.9,         0
"B695", 0, 1,    218.352,   -1.4,         0, 2,    216.985, -122.9,         0, 3,    225.236,  119.3,         0, 4,    6.35447, -115.7,         0
"B1369", 0, 1,    220.507,   -1.3,         0, 2,    222.101, -121.8,         0, 3,    225.932,  119.3,         0, 4,    2.37928, -108.7,         0
"B3021", 0, 1,    219.742,   -1.4,         0, 2,    220.465, -122.2,         0, 3,    225.683,  119.3,         0, 4,    3.59664, -113.1,         0
"B2510", 0, 1,    193.067,   -1.8,         0, 2,     199.94, -120.7,         0, 3,    191.324,  117.9,         0, 4,    4.29865,   58.7,         0
"B314", 0, 1,    193.064,   -1.8,         0, 2,    200.242, -120.7,         0, 3,    191.327,  117.9,         0, 4,    4.60823,   59.1,         0
"B1790", 0, 1,    197.872,   -3.7,         0, 2,    217.123, -121.4,         0, 3,    212.027,  119.0,         0, 4,    8.59012,  -17.0,         0
"B1053", 0, 1,    197.874,   -3.7,         0, 2,      217.4, -121.4,         0, 3,    212.031,  119.0,         0, 4,    8.66462,  -15.1,         0
"B2316", 0, 1,    195.897,   -1.2,         0, 2,    202.318, -120.7,         0, 3,    195.051,  118.6,         0, 4,    4.10771,   62.6,         0
"B2757", 0, 1,    195.897,   -1.2,         0, 2,    202.318, -120.7,         0, 3,    195.051,  118.6,         0, 4,    4.10771,   62.6,         0
"B1224", 0, 1,    195.897,   -1.2,         0, 2,    202.318, -120.7,         0, 3,    195.051,  118.6,         0, 4,    4.10771,   62.6,         0
"B926", 0, 1,    217.299,   -1.3,         0, 2,    214.312, -123.6,         0, 3,    225.697,  119.3,         0, 4,    8.89103, -111.4,         0
"B3111", 0, 1,    217.939,   -1.3,         0, 2,     215.48, -123.3,         0, 3,    225.655,  119.3,         0, 4,    7.97875, -111.6,         0
"B1956", 0, 1,    217.939,   -1.3,         0, 2,     215.48, -123.3,         0, 3,    225.655,  119.3,         0, 4,    7.97875, -111.6,         0
"B1854", 0, 1,    192.257,   -1.9,         0, 2,    199.433, -121.0,         0, 3,    191.576,  118.0,         0, 4,    3.95739,   45.2,         0
"B2764", 0, 1,    190.699,   -2.2,         0, 2,    198.226, -121.1,         0, 3,     190.22,  117.8,         0, 4,    4.00533,   36.0,         0
"B1130", 0, 1,    190.926,   -2.2,         0, 2,    198.222, -121.1,         0, 3,    190.219,  117.8,         0, 4,    3.82412,   38.0,         0
"B1407", 0, 1,    220.251,   -1.4,         0, 2,    222.105, -121.8,         0, 3,    225.936,  119.3,         0, 4,    2.29129, -102.9,         0
"B2547", 0, 1,    221.716,   -1.3,         0, 2,    224.303, -121.4,         0, 3,    226.214,  119.3,         0, 4,    1.01031,  -90.6,         0
"B1261", 0, 1,    221.975,   -1.3,         0, 2,    224.299, -121.4,         0, 3,     226.21,  119.3,         0, 4,    1.06118, -104.6,         0
"B1464", 0, 1,    202.719,   -2.5,         0, 2,    218.449, -121.2,         0, 3,    214.523,  119.1,         0, 4,    6.79531,   -3.7,         0
"B2799", 0, 1,    202.719,   -2.5,         0, 2,    218.449, -121.2,         0, 3,    214.523,  119.1,         0, 4,    6.79531,   -3.7,         0
"B810", 0, 1,    217.503,   -1.3,         0, 2,    214.256, -123.5,         0, 3,    225.725,  119.3,         0, 4,    9.04916, -111.5,         0
"B3112", 0, 1,    193.939,   -1.6,         0, 2,     200.85, -120.7,         0, 3,    192.371,  118.1,         0, 4,    4.39594,   62.0,         0
"B1665", 0, 1,    193.564,   -1.7,         0, 2,    200.481, -120.7,         0, 3,    191.906,  118.0,         0, 4,    4.37316,   59.7,         0
"B2011", 0, 1,    194.338,   -1.5,         0, 2,    201.267, -120.7,         0, 3,    193.156,  118.2,         0, 4,    4.40113,   60.5,         0
"B938", 0, 1,      197.6,   -3.7,         0, 2,    217.477, -121.4,         0, 3,    211.873,  119.0,         0, 4,    8.70692,  -14.2,         0
"B2955", 0, 1,    197.518,   -3.7,         0, 2,      217.5, -121.4,         0, 3,     211.75,  119.0,         0, 4,    8.63652,  -13.9,         0
"B1085", 0, 1,    202.419,   -2.6,         0, 2,    218.457, -121.2,         0, 3,    214.523,  119.1,         0, 4,    7.08414,   -3.6,         0
"B1666", 0, 1,    193.567,   -1.7,         0, 2,    200.189, -120.8,         0, 3,    191.903,  118.0,         0, 4,    4.07453,   59.3,         0
"B807", 0, 1,     200.33,   -2.6,         0, 2,    218.523, -121.1,         0, 3,    213.625,  119.0,         0, 4,    8.53491,    1.7,         0
"B2308", 0, 1,    201.724,   -2.6,         0, 2,    218.481, -121.1,         0, 3,    213.632,  119.0,         0, 4,     7.1958,    2.0,         0
"B2430", 0, 1,    227.694,   -0.6,         0, 2,    227.972, -120.5,         0, 3,    227.187,  119.3,         0, 4,    1.21682,  114.5,         0
"B607", 0, 1,    227.433,   -0.7,         0, 2,    227.391, -120.5,         0, 3,    226.343,  119.1,         0, 4,    1.63809,  127.9,         0
"B951", 0, 1,    188.856,   -2.8,         0, 2,    196.022, -121.5,         0, 3,    187.512,  117.1,         0, 4,    3.00454,   24.0,         0
"B1834", 0, 1,    188.724,   -2.9,         0, 2,    195.894, -121.6,         0, 3,     187.39,  117.1,         0, 4,    3.00646,   22.0,         0
"B1214", 0, 1,    230.036,   -0.2,         0, 2,    230.104, -120.2,         0, 3,    230.093,  119.8,         0, 4,    1.10648,  105.8,         0
"B2077", 0, 1,    230.027,   -0.2,         0, 2,    230.097, -120.2,         0, 3,    230.083,  119.8,         0, 4,    1.10512,  105.8,         0
"B335", 0, 1,    190.034,   -2.4,         0, 2,    196.149, -121.3,         0, 3,    189.191,  117.6,         0, 4,    2.69608,   20.0,         0
"B2195", 0, 1,    190.034,   -2.4,         0, 2,    196.445, -121.2,         0, 3,    189.193,  117.6,         0, 4,    2.92417,   24.0,         0
"B114", 0, 1,    227.187,   -0.7,         0, 2,    226.953, -120.5,         0, 3,    225.633,  119.0,         0, 4,    2.07569,  132.7,         0
"B2209", 0, 1,    191.464,   -1.9,         0, 2,    199.447, -121.0,         0, 3,    191.578,  118.0,         0, 4,    4.55142,   38.2,         0
"B1590", 0, 1,    197.492,   -3.7,         0, 2,    217.509, -121.4,         0, 3,    211.118,  119.0,         0, 4,    8.11737,  -11.5,         0
"B1119", 0, 1,    197.501,   -3.7,         0, 2,    217.506, -121.4,         0, 3,    211.622,  119.0,         0, 4,    8.50773,  -13.8,         0
"B2372", 0, 1,    189.545,   -2.6,         0, 2,    196.759, -121.3,         0, 3,    188.479,  117.4,         0, 4,    3.35647,   29.5,         0
"B337", 0, 1,    189.147,   -2.7,         0, 2,    196.382, -121.4,         0, 3,    187.868,  117.2,         0, 4,     3.1164,   29.0,         0
"B1015", 0, 1,    189.724,   -2.4,         0, 2,    197.284, -121.2,         0, 3,    189.199,  117.6,         0, 4,    3.88753,   30.2,         0
"B2786", 0, 1,    190.032,   -2.4,         0, 2,    197.279, -121.2,         0, 3,    189.198,  117.6,         0, 4,    3.62538,   32.6,         0
"B1630", 0, 1,    189.147,   -2.7,         0, 2,    196.382, -121.4,         0, 3,    187.868,  117.2,         0, 4,     3.1164,   29.0,         0
"B3236", 0, 1,    217.977,   -1.3,         0, 2,    215.711, -123.2,         0, 3,    225.621,  119.3,         0, 4,    7.73033, -112.0,         0
"B941", 0, 1,    188.724,   -2.9,         0, 2,    195.606, -121.6,         0, 3,    187.388,  117.1,         0, 4,    2.78998,   18.0,         0
"B1096", 0, 1,    192.257,   -1.9,         0, 2,    199.433, -121.0,         0, 3,    191.576,  118.0,         0, 4,    3.95739,   45.2,         0
"B1155", 0, 1,    192.257,   -1.9,         0, 2,    199.433, -121.0,         0, 3,    191.576,  118.0,         0, 4,    3.95739,   45.2,         0
"B496", 0, 1,    193.312,   -1.8,         0, 2,    200.346, -120.7,         0, 3,    191.475,  117.9,         0, 4,    4.49665,   61.1,         0
"B2872", 0, 1,    189.546,   -2.6,         0, 2,    196.465, -121.4,         0, 3,    188.476,  117.4,         0, 4,    3.10975,   26.4,         0
"B1362", 0, 1,    191.337,   -1.8,         0, 2,    200.522, -120.7,         0, 3,    191.905,  118.0,         0, 4,    5.81243,   40.3,         0
"B162", 0, 1,    227.694,   -0.6,         0, 2,    227.706, -120.5,         0, 3,    227.187,  119.3,         0, 4,    1.06187,  125.5,         0
"B237", 0, 1,    217.293,   -1.3,         0, 2,    214.017, -123.6,         0, 3,    225.703,  119.3,         0, 4,    9.17087, -111.7,         0
"B2333", 0, 1,    193.938,   -1.6,         0, 2,    200.846, -120.7,         0, 3,    192.033,  118.1,         0, 4,    4.55822,   65.6,         0
"B342", 0, 1,     230.93,    0.0,         0, 2,    230.933, -120.0,         0, 3,    230.932,  120.0,         0, 4,    1.10218,  104.4,         0
"B1556", 0, 1,    230.902,    0.0,         0, 2,    230.917, -120.0,         0, 3,    230.913,  120.0,         0, 4,    1.09608,  104.4,         0
"B2003", 0, 1,    219.737,   -1.4,         0, 2,    220.462, -122.2,         0, 3,    225.435,  119.3,         0, 4,     3.4577, -116.6,         0
"B2815", 0, 1,    198.514,   -3.5,         0, 2,    217.075, -121.4,         0, 3,    212.344,  119.0,         0, 4,    8.27064,  -17.1,         0
"B1733", 0, 1,    198.517,   -3.5,         0, 2,    217.531, -121.4,         0, 3,     212.35,  119.0,         0, 4,      8.396,  -13.9,         0
"B2977", 0, 1,     230.93,    0.0,         0, 2,    230.312, -120.0,         0, 3,    230.933,  120.0,         0, 4,   0.730011,  136.8,         0
"B773", 0, 1,    190.034,   -2.4,         0, 2,    196.119, -121.3,         0, 3,    189.191,  117.6,         0, 4,    2.67336,   19.5,         0
"B3240", 0, 1,    186.693,   -3.0,         0, 2,     192.75, -121.6,         0, 3,    184.741,  117.0,         0, 4,    1.99238,   13.2,         0
"B2297", 0, 1,    186.693,   -3.0,         0, 2,    193.285, -121.6,         0, 3,    184.744,  117.0,         0, 4,    2.38045,   23.2,         0
"B2228", 0, 1,    200.177,   -3.1,         0, 2,    217.773, -121.3,         0, 3,    213.147,  119.0,         0, 4,     7.6522,  -11.2,         0
"B247", 0, 1,    200.177,   -3.1,         0, 2,    217.864, -121.3,         0, 3,    213.148,  119.0,         0, 4,    7.68395,  -10.5,         0
"B276", 0, 1,    192.934,   -1.9,         0, 2,    200.245, -120.7,         0, 3,    191.186,  117.9,         0, 4,    4.73172,   59.6,         0
"B204", 0, 1,    192.934,   -1.9,         0, 2,    200.245, -120.7,         0, 3,    191.186,  117.9,         0, 4,    4.73172,   59.6,         0
"B312", 0, 1,    226.726,   -0.8,         0, 2,    226.001, -120.7,         0, 3,    225.228,  118.9,         0, 4,     1.6397,  139.6,         0
"B754", 0, 1,    226.838,   -0.7,         0, 2,    226.376, -120.6,         0, 3,    225.328,  119.0,         0, 4,    1.86195,  134.3,         0
"B519", 0, 1,    217.819,   -1.3,         0, 2,    215.294, -123.3,         0, 3,    225.659,  119.3,         0, 4,    8.11056, -111.6,         0
"B1653", 0, 1,    230.001,   -0.2,         0, 2,    230.089, -120.2,         0, 3,    230.079,  119.8,         0, 4,    1.09733,  105.9,         0
"B241", 0, 1,    192.257,   -1.9,         0, 2,    199.433, -121.0,         0, 3,    191.576,  118.0,         0, 4,    3.95739,   45.2,         0
"B1139", 0, 1,    218.791,   -1.4,         0, 2,    218.432, -122.6,         0, 3,    225.182,  119.3,         0, 4,    4.99143, -117.4,         0
"B912", 0, 1,    218.799,   -1.4,         0, 2,    218.436, -122.6,         0, 3,    225.493,  119.3,         0, 4,    5.16628, -114.3,         0
"B435", 0, 1,    193.546,   -1.5,         0, 2,    201.279, -120.7,         0, 3,    193.158,  118.2,         0, 4,    4.84333,   52.3,         0
"B3406", 0, 1,    187.044,   -2.9,         0, 2,    193.563, -121.6,         0, 3,     184.91,  117.0,         0, 4,    2.29181,   28.6,         0
"B2669", 0, 1,    187.044,   -2.9,         0, 2,    193.563, -121.6,         0, 3,     184.91,  117.0,         0, 4,    2.29181,   28.6,         0
"B840", 0, 1,    221.962,   -1.3,         0, 2,    224.287, -121.4,         0, 3,    225.864,  119.3,         0, 4,   0.893528, -123.1,         0
"B1491", 0, 1,    221.966,   -1.3,         0, 2,    224.291, -121.4,         0, 3,    226.127,  119.3,         0, 4,    1.02882, -109.5,         0
"B1890", 0, 1,    201.721,   -2.6,         0, 2,    218.481, -121.1,         0, 3,    213.334,  119.0,         0, 4,    7.02809,    4.0,         0
"B1244", 0, 1,    217.293,   -1.3,         0, 2,    214.021, -123.6,         0, 3,    225.703,  119.3,         0, 4,    9.16779, -111.7,         0
"B404", 0, 1,    201.724,   -2.6,         0, 2,    218.481, -121.1,         0, 3,    213.632,  119.0,         0, 4,     7.1958,    2.0,         0
"B2844", 0, 1,    221.966,   -1.3,         0, 2,    224.291, -121.4,         0, 3,    226.127,  119.3,         0, 4,    1.02882, -109.5,         0
"B1503", 0, 1,    192.934,   -1.9,         0, 2,    200.245, -120.7,         0, 3,    191.186,  117.9,         0, 4,    4.73172,   59.6,         0
"B742", 0, 1,    192.934,   -1.9,         0, 2,    200.245, -120.7,         0, 3,    191.186,  117.9,         0, 4,    4.73172,   59.6,         0
"B2652", 0, 1,    192.934,   -1.9,         0, 2,    200.245, -120.7,         0, 3,    191.186,  117.9,         0, 4,    4.73172,   59.6,         0
"B2989", 0, 1,    192.934,   -1.9,         0, 2,    200.245, -120.7,         0, 3,    191.186,  117.9,         0, 4,    4.73172,   59.6,         0
"B30", 0, 1,    226.726,   -0.8,         0, 2,    225.745, -120.7,         0, 3,    225.228,  118.9,         0, 4,    1.58919,  148.5,         0
"B1998", 0, 1,    218.341,   -1.3,         0, 2,     216.43, -123.0,         0, 3,    225.496,  119.3,         0, 4,    7.04328, -114.0,         0
"B3024", 0, 1,    218.349,   -1.4,         0, 2,    216.897, -123.0,         0, 3,    225.489,  119.3,         0, 4,    6.59273, -113.6,         0
"B1842", 0, 1,    193.567,   -1.7,         0, 2,    200.178, -120.8,         0, 3,    191.903,  118.0,         0, 4,    4.06363,   59.3,         0
"B3378", 0, 1,    199.517,   -3.3,         0, 2,    217.124, -121.3,         0, 3,    212.701,  119.0,         0, 4,    7.67717,  -16.5,         0
"B3143", 0, 1,     199.52,   -3.3,         0, 2,     217.69, -121.3,         0, 3,    212.709,  119.0,         0, 4,    7.84005,  -12.3,         0
"B2789", 0, 1,    217.482,   -1.3,         0, 2,    213.374, -123.5,         0, 3,    225.744,  119.3,         0, 4,    9.88366, -112.3,         0
"B1226", 0, 1,    194.336,   -1.5,         0, 2,    201.253, -120.7,         0, 3,    192.166,  118.2,         0, 4,    4.90207,   70.7,         0
"B2015", 0, 1,    199.975,   -3.1,         0, 2,    217.871, -121.3,         0, 3,    213.148,  119.0,         0, 4,    7.87376,  -10.2,         0
"B1547", 0, 1,    227.187,   -0.7,         0, 2,    226.953, -120.5,         0, 3,    225.633,  119.0,         0, 4,    2.07569,  132.7,         0
"B2564", 0, 1,    187.041,   -2.9,         0, 2,     193.56, -121.6,         0, 3,    184.625,  117.0,         0, 4,    2.28944,   35.7,         0
"B528", 0, 1,     201.72,   -2.6,         0, 2,    218.481, -121.1,         0, 3,     213.32,  119.0,         0, 4,    7.02053,    4.1,         0
"B1634", 0, 1,    192.934,   -1.9,         0, 2,    200.245, -120.7,         0, 3,    191.186,  117.9,         0, 4,    4.73172,   59.6,         0
"B625", 0, 1,    226.727,   -0.8,         0, 2,    225.701, -120.7,         0, 3,    225.228,  118.9,         0, 4,     1.5845,  150.0,         0
"B534", 0, 1,    227.442,   -0.6,         0, 2,    227.975, -120.5,         0, 3,     227.19,  119.3,         0, 4,    1.14828,  102.6,         0
"B2399", 0, 1,    218.048,   -2.1,         0, 2,    224.804, -121.2,         0, 3,    222.939,  119.2,         0, 4,    1.38375,  -38.4,         0
"B3178", 0, 1,    218.048,   -2.1,         0, 2,    224.804, -121.2,         0, 3,    222.939,  119.2,         0, 4,    1.38375,  -38.4,         0
"B1315", 0, 1,    217.972,   -1.3,         0, 2,    215.441, -123.2,         0, 3,    225.625,  119.3,         0, 4,    7.98845, -112.2,         0
"B943", 0, 1,    230.036,   -0.2,         0, 2,    230.104, -120.2,         0, 3,    230.093,  119.8,         0, 4,    1.10648,  105.8,         0
"B3269", 0, 1,    216.958,   -1.4,         0, 2,    214.314, -123.6,         0, 3,    225.403,  119.3,         0, 4,    8.53037, -111.2,         0
"B553", 0, 1,    193.938,   -1.6,         0, 2,    200.846, -120.7,         0, 3,    192.048,  118.1,         0, 4,    4.55081,   65.5,         0
"B1905", 0, 1,    198.573,   -3.3,         0, 2,    217.745, -121.3,         0, 3,    212.512,  119.0,         0, 4,    8.51239,  -10.5,         0
"B2108", 0, 1,    199.396,   -3.3,         0, 2,    217.719, -121.3,         0, 3,    212.514,  119.0,         0, 4,    7.74308,  -11.6,         0
"B2364", 0, 1,    219.742,   -1.4,         0, 2,    220.465, -122.2,         0, 3,    225.683,  119.3,         0, 4,    3.59664, -113.1,         0
"B61", 0, 1,     189.05,   -2.6,         0, 2,    196.763, -121.3,         0, 3,    187.988,  117.4,         0, 4,    3.75355,   33.2,         0
"B541", 0, 1,    197.872,   -3.7,         0, 2,    217.155, -121.4,         0, 3,    212.027,  119.0,         0, 4,    8.59805,  -16.8,         0
"B1091", 0, 1,    219.005,   -1.4,         0, 2,    218.955, -122.5,         0, 3,    225.523,  119.3,         0, 4,    4.73217, -114.3,         0
"B1077", 0, 1,    227.158,   -0.7,         0, 2,    226.887, -120.5,         0, 3,    225.393,  119.0,         0, 4,     2.3673,  136.1,         0
"B2768", 0, 1,    227.158,   -0.7,         0, 2,    226.887, -120.5,         0, 3,    225.393,  119.0,         0, 4,     2.3673,  136.1,         0
"B1378", 0, 1,    227.434,   -0.7,         0, 2,    227.131, -120.5,         0, 3,    226.343,  119.1,         0, 4,     1.5346,  136.5,         0
"B1628", 0, 1,    218.999,   -1.4,         0, 2,    218.952, -122.5,         0, 3,     225.27,  119.3,         0, 4,    4.59022, -117.0,         0
"B794", 0, 1,    197.874,   -3.7,         0, 2,      217.4, -121.4,         0, 3,    212.031,  119.0,         0, 4,    8.66462,  -15.1,         0
"B2347", 0, 1,    192.934,   -1.9,         0, 2,    200.245, -120.7,         0, 3,    191.186,  117.9,         0, 4,    4.73172,   59.6,         0
"B1237", 0, 1,    227.183,   -0.7,         0, 2,    226.943, -120.5,         0, 3,    225.118,  119.0,         0, 4,    2.57914,  130.7,         0
"B1865", 0, 1,    188.852,   -2.8,         0, 2,    196.018, -121.5,         0, 3,    187.121,  117.1,         0, 4,    2.96707,   31.3,         0
"B964", 0, 1,    192.934,   -1.9,         0, 2,    200.245, -120.7,         0, 3,    191.186,  117.9,         0, 4,    4.73172,   59.6,         0
"B699", 0, 1,    192.934,   -1.9,         0, 2,    200.245, -120.7,         0, 3,    191.186,  117.9,         0, 4,    4.73172,   59.6,         0
"B2810", 0, 1,    198.362,   -3.5,         0, 2,    217.536, -121.4,         0, 3,     212.35,  119.0,         0, 4,    8.53929,  -13.7,         0
"B416", 0, 1,    223.375,   -1.2,         0, 2,    225.972, -121.0,         0, 3,    226.602,  119.4,         0, 4,   0.368753,  -78.7,         0
"B288", 0, 1,    218.049,   -2.1,         0, 2,    224.858, -121.2,         0, 3,    222.939,  119.2,         0, 4,    1.34949,  -36.2,         0
"B1200", 0, 1,    218.741,   -1.4,         0, 2,    218.959, -122.5,         0, 3,    225.529,  119.3,         0, 4,    4.60677, -111.4,         0
"B3294", 0, 1,    198.517,   -3.5,         0, 2,    217.531, -121.4,         0, 3,     212.35,  119.0,         0, 4,      8.396,  -13.9,         0
"B2618", 0, 1,    192.934,   -1.9,         0, 2,    200.245, -120.7,         0, 3,    191.186,  117.9,         0, 4,    4.73172,   59.6,         0
"B1988", 0, 1,    221.962,   -1.3,         0, 2,    224.287, -121.4,         0, 3,    225.891,  119.3,         0, 4,   0.904556, -121.6,         0
"B512", 0, 1,    185.428,   -3.0,         0, 2,    192.125, -121.7,         0, 3,    184.746,  117.0,         0, 4,    2.87221,   -2.3,         0
"B402", 0, 1,    185.428,   -3.0,         0, 2,    192.125, -121.7,         0, 3,    184.746,  117.0,         0, 4,    2.87221,   -2.3,         0
"B3153", 0, 1,    192.933,   -1.9,         0, 2,    200.243, -120.7,         0, 3,    191.027,  117.9,         0, 4,     4.7998,   61.2,         0
"B381", 0, 1,    220.833,   -1.3,         0, 2,    222.633, -121.7,         0, 3,    226.003,  119.3,         0, 4,     2.0394, -107.7,         0
"B2901", 0, 1,    218.046,   -2.1,         0, 2,    224.855, -121.1,         0, 3,    222.677,  119.2,         0, 4,    1.10451,  -31.6,         0
"B1852", 0, 1,    197.274,   -3.7,         0, 2,    217.508, -121.4,         0, 3,     211.75,  119.0,         0, 4,    8.86127,  -13.5,         0
"B2761", 0, 1,    230.036,   -0.2,         0, 2,    230.104, -120.2,         0, 3,    230.093,  119.8,         0, 4,    1.10648,  105.8,         0
"B2985", 0, 1,    230.036,   -0.2,         0, 2,    230.104, -120.2,         0, 3,    230.093,  119.8,         0, 4,    1.10648,  105.8,         0
"B2891", 0, 1,    227.156,   -0.7,         0, 2,    226.882, -120.5,         0, 3,    225.128,  119.0,         0, 4,    2.62301,  134.7,         0
"B1591", 0, 1,    190.545,   -2.2,         0, 2,    198.222, -121.1,         0, 3,    189.512,  117.8,         0, 4,    4.18907,   44.3,         0
"B1023", 0, 1,    190.547,   -2.2,         0, 2,    198.225, -121.1,         0, 3,    189.842,  117.8,         0, 4,    4.14542,   39.9,         0
"B2738", 0, 1,    190.547,   -2.2,         0, 2,    198.225, -121.1,         0, 3,    189.842,  117.8,         0, 4,    4.14542,   39.9,         0
"B2723", 0, 1,    202.716,   -2.5,         0, 2,    218.449, -121.2,         0, 3,     214.25,  119.1,         0, 4,    6.61999,   -2.0,         0
"B1725", 0, 1,    217.811,   -1.3,         0, 2,    214.928, -123.3,         0, 3,    225.665,  119.3,         0, 4,    8.45962, -112.0,         0
"B2266", 0, 1,     187.04,   -2.9,         0, 2,    193.559, -121.6,         0, 3,    184.527,  117.0,         0, 4,    2.29684,   38.2,         0
"B1097", 0, 1,    226.663,   -0.1,         0, 2,    231.024, -120.0,         0, 3,    230.941,  120.0,         0, 4,    4.12666,   18.0,         0
"B3080", 0, 1,    192.934,   -1.9,         0, 2,    200.245, -120.7,         0, 3,    191.186,  117.9,         0, 4,    4.73172,   59.6,         0
"B1059", 0, 1,    217.494,   -1.3,         0, 2,    213.859, -123.5,         0, 3,    225.734,  119.3,         0, 4,    9.42371, -111.9,         0
"B1423", 0, 1,    193.311,   -1.8,         0, 2,    200.342, -120.7,         0, 3,    191.159,  117.9,         0, 4,    4.64461,   64.5,         0
"B1718", 0, 1,    217.491,   -1.3,         0, 2,    213.727, -123.5,         0, 3,    225.736,  119.3,         0, 4,    9.54919, -112.0,         0
"B326", 0, 1,    216.943,   -1.4,         0, 2,     214.31, -123.6,         0, 3,    224.978,  119.3,         0, 4,    8.25658, -113.7,         0
"B1098", 0, 1,    200.177,   -3.1,         0, 2,    217.864, -121.3,         0, 3,    213.148,  119.0,         0, 4,    7.68395,  -10.5,         0
"B858", 0, 1,    189.545,   -2.6,         0, 2,    196.759, -121.3,         0, 3,    188.479,  117.4,         0, 4,    3.35647,   29.5,         0
"B1746", 0, 1,    220.833,   -1.3,         0, 2,    222.633, -121.7,         0, 3,    226.003,  119.3,         0, 4,     2.0394, -107.7,         0
"B248", 0, 1,    230.036,   -0.2,         0, 2,    230.104, -120.2,         0, 3,    230.093,  119.8,         0, 4,    1.10648,  105.8,         0
"B3217", 0, 1,    192.934,   -1.9,         0, 2,    200.245, -120.7,         0, 3,    191.186,  117.9,         0, 4,    4.73172,   59.6,         0
"B2530", 0, 1,    185.428,   -3.0,         0, 2,    191.812, -121.7,         0, 3,    184.745,  117.0,         0, 4,    2.74961,   -8.3,         0
"B1544", 0, 1,     200.93,   -2.9,         0, 2,    218.178, -121.2,         0, 3,    213.792,  119.0,         0, 4,    7.66217,   -6.8,         0
"B1772", 0, 1,    201.245,   -2.9,         0, 2,    218.169, -121.2,         0, 3,    213.792,  119.0,         0, 4,    7.36314,   -7.1,         0
"B1326", 0, 1,    227.154,   -0.7,         0, 2,    226.879, -120.5,         0, 3,    225.362,  119.0,         0, 4,    2.40517,  136.4,         0
"B2779", 0, 1,    197.462,   -3.7,         0, 2,    217.481, -121.4,         0, 3,    211.872,  119.0,         0, 4,    8.83392,  -14.0,         0
"B466", 0, 1,    226.363,   -0.8,         0, 2,    225.901, -120.7,         0, 3,    225.246,  118.9,         0, 4,    1.32568,  130.7,         0
"B1501", 0, 1,    226.622,   -0.8,         0, 2,    225.899, -120.7,         0, 3,    225.243,  118.9,         0, 4,    1.50064,  138.7,         0
"B1095", 0, 1,     219.74,   -1.4,         0, 2,    220.198, -122.2,         0, 3,    225.685,  119.3,         0, 4,    3.85857, -113.4,         0
"B1444", 0, 1,    229.099,   -0.4,         0, 2,     229.21, -120.4,         0, 3,    229.427,  119.6,         0, 4,    1.00237,   96.8,         0
"B298", 0, 1,    190.213,   -2.2,         0, 2,    198.231, -121.1,         0, 3,    189.843,  117.8,         0, 4,    4.40613,   37.1,         0
"B191", 0, 1,    197.443,   -3.7,         0, 2,    217.482, -121.4,         0, 3,    211.872,  119.0,         0, 4,    8.85166,  -13.9,         0
"B2349", 0, 1,     218.04,   -2.1,         0, 2,     224.85, -121.1,         0, 3,     222.24,  119.2,         0, 4,   0.729995,  -17.1,         0
"B2737", 0, 1,    197.508,   -3.7,         0, 2,    217.504, -121.4,         0, 3,    211.133,  119.0,         0, 4,    8.15875,  -11.2,         0
"B1824", 0, 1,     226.58,   -0.7,         0, 2,    226.379, -120.6,         0, 3,    225.331,  119.0,         0, 4,    1.69993,  127.7,         0
"B2283", 0, 1,    199.392,   -3.3,         0, 2,     217.72, -121.3,         0, 3,    212.274,  119.0,         0, 4,    7.56301,  -10.4,         0
"B578", 0, 1,    186.689,   -3.0,         0, 2,    193.281, -121.6,         0, 3,     184.42,  117.0,         0, 4,     2.3489,   31.0,         0
"B2397", 0, 1,    218.543,   -1.4,         0, 2,     218.44, -122.6,         0, 3,      225.5,  119.3,         0, 4,    5.04279, -111.8,         0
"B1211", 0, 1,    195.897,   -1.2,         0, 2,    202.318, -120.7,         0, 3,    195.051,  118.6,         0, 4,    4.10771,   62.6,         0
"B2006", 0, 1,    199.519,   -3.3,         0, 2,    217.451, -121.3,         0, 3,    212.705,  119.0,         0, 4,    7.76612,  -14.0,         0
"B3057", 0, 1,    187.873,   -2.9,         0, 2,     195.91, -121.6,         0, 3,    187.393,  117.1,         0, 4,    3.80055,   17.3,         0
"B3051", 0, 1,    192.752,   -1.8,         0, 2,    200.247, -120.7,         0, 3,    191.328,  117.9,         0, 4,    4.77645,   55.9,         0
"B1801", 0, 1,    227.156,   -0.7,         0, 2,    226.882, -120.5,         0, 3,    225.136,  119.0,         0, 4,    2.61558,  134.7,         0
"B1709", 0, 1,    229.638,   -0.3,         0, 2,    229.741, -120.3,         0, 3,    229.609,  119.7,         0, 4,    1.17924,  110.9,         0
"B759", 0, 1,    229.635,   -0.3,         0, 2,    229.738, -120.3,         0, 3,    229.605,  119.7,         0, 4,    1.17874,  110.9,         0
"B1557", 0, 1,    227.431,   -0.7,         0, 2,    227.386, -120.5,         0, 3,    226.079,  119.1,         0, 4,    1.89895,  127.2,         0
"B257", 0, 1,    190.927,   -2.2,         0, 2,     197.95, -121.1,         0, 3,    190.216,  117.8,         0, 4,    3.57427,   36.0,         0
"B2417", 0, 1,    186.359,   -3.0,         0, 2,     193.29, -121.6,         0, 3,    184.746,  117.0,         0, 4,    2.68933,   20.5,         0
"B2137", 0, 1,    189.145,   -2.7,         0, 2,    196.379, -121.4,         0, 3,    187.563,  117.2,         0, 4,    3.10828,   34.6,         0
"B1723", 0, 1,     193.31,   -1.8,         0, 2,    200.342, -120.7,         0, 3,    191.139,  117.9,         0, 4,    4.65441,   64.7,         0
"B1925", 0, 1,    195.897,   -1.2,         0, 2,    202.318, -120.7,         0, 3,    195.051,  118.6,         0, 4,    4.10771,   62.6,         0
"B847", 0, 1,    217.503,   -1.3,         0, 2,    214.255, -123.5,         0, 3,    225.725,  119.3,         0, 4,    9.05039, -111.5,         0
"B2592", 0, 1,    199.512,   -3.3,         0, 2,    217.693, -121.3,         0, 3,    212.209,  119.0,         0, 4,    7.46457,   -9.8,         0
"B1872", 0, 1,    227.152,   -0.7,         0, 2,    226.873, -120.5,         0, 3,    225.093,  118.9,         0, 4,    2.66509,  135.0,         0
"B508", 0, 1,    200.737,   -2.6,         0, 2,     218.51, -121.1,         0, 3,    213.628,  119.0,         0, 4,    8.14516,    1.8,         0
"B3277", 0, 1,    217.939,   -1.3,         0, 2,     215.48, -123.3,         0, 3,    225.655,  119.3,         0, 4,    7.97875, -111.6,         0
"B3376", 0, 1,    227.181,   -0.7,         0, 2,    226.934, -120.5,         0, 3,    224.702,  119.0,         0, 4,    2.98547,  129.6,         0
"B833", 0, 1,    185.096,   -3.0,         0, 2,    192.131, -121.7,         0, 3,    184.749,  117.0,         0, 4,    3.19967,   -1.9,         0
"B2249", 0, 1,    197.328,   -3.7,         0, 2,    217.379, -121.4,         0, 3,    212.023,  119.0,         0, 4,    9.16121,  -14.7,         0
"B95", 0, 1,    197.795,   -3.7,         0, 2,    217.364, -121.4,         0, 3,    212.024,  119.0,         0, 4,    8.73462,  -15.4,         0
"B1475", 0, 1,    189.715,   -2.4,         0, 2,    197.285, -121.2,         0, 3,    189.199,  117.6,         0, 4,    3.89551,   30.1,         0
"B3385", 0, 1,    220.245,   -1.4,         0, 2,    222.105, -121.8,         0, 3,    225.936,  119.3,         0, 4,    2.28975, -102.7,         0
"B2869", 0, 1,    229.552,   -0.3,         0, 2,    229.651, -120.3,         0, 3,    229.754,  119.7,         0, 4,    1.04723,  101.5,         0
"B892", 0, 1,    229.547,   -0.3,         0, 2,    229.648, -120.3,         0, 3,    229.752,  119.7,         0, 4,    1.04594,  101.5,         0
"B2753", 0, 1,     189.14,   -2.7,         0, 2,    196.369, -121.4,         0, 3,    186.771,  117.2,         0, 4,    3.22443,   48.5,         0
"B89", 0, 1,    220.572,   -1.3,         0, 2,    222.637, -121.7,         0, 3,    226.007,  119.3,         0, 4,    1.95764, -100.6,         0
"B1502", 0, 1,    197.791,   -3.7,         0, 2,    216.861, -121.4,         0, 3,    212.017,  119.0,         0, 4,    8.60847,  -18.9,         0
"B2647", 0, 1,    218.344,   -1.3,         0, 2,    216.597, -123.0,         0, 3,    225.493,  119.3,         0, 4,    6.88285, -113.9,         0
"B907", 0, 1,    188.722,   -2.6,         0, 2,    196.769, -121.3,         0, 3,    187.989,  117.4,         0, 4,    4.03043,   30.7,         0
"B2040", 0, 1,    189.047,   -2.6,         0, 2,     196.76, -121.3,         0, 3,    187.653,  117.4,         0, 4,    3.76448,   38.3,         0
"B2321", 0, 1,    217.933,   -1.3,         0, 2,    215.198, -123.3,         0, 3,     225.66,  119.3,         0, 4,    8.24766, -111.8,         0
"B1968", 0, 1,    192.934,   -1.9,         0, 2,    200.245, -120.7,         0, 3,    191.186,  117.9,         0, 4,    4.73172,   59.6,         0
"B1855", 0, 1,    196.659,   -3.6,         0, 2,    217.596, -121.4,         0, 3,    212.343,  119.0,         0, 4,    10.1085,  -11.5,         0
"B2868", 0, 1,    188.856,   -2.8,         0, 2,    195.735, -121.5,         0, 3,     187.51,  117.1,         0, 4,    2.78215,   20.1,         0
"B100", 0, 1,    217.299,   -1.3,         0, 2,    214.312, -123.6,         0, 3,    225.697,  119.3,         0, 4,    8.89103, -111.4,         0
"B792", 0, 1,     200.94,   -2.9,         0, 2,    218.178, -121.2,         0, 3,    213.792,  119.0,         0, 4,    7.65261,   -6.8,         0
"B787", 0, 1,    223.115,   -1.2,         0, 2,    225.976, -121.0,         0, 3,    226.605,  119.4,         0, 4,   0.480291,  -46.2,         0
"B3303", 0, 1,    188.724,   -2.9,         0, 2,    195.894, -121.6,         0, 3,     187.39,  117.1,         0, 4,    3.00646,   22.0,         0
"B1632", 0, 1,    188.821,   -2.7,         0, 2,    196.388, -121.4,         0, 3,     187.87,  117.2,         0, 4,    3.40465,   26.4,         0
"B1505", 0, 1,    218.046,   -2.1,         0, 2,    224.304, -121.2,         0, 3,    222.939,  119.2,         0, 4,    1.56398,  -56.8,         0
"B1017", 0, 1,    226.623,   -0.8,         0, 2,    225.628, -120.7,         0, 3,    225.243,  118.9,         0, 4,     1.4464,  148.9,         0
"B2717", 0, 1,    187.044,   -2.9,         0, 2,    193.439, -121.6,         0, 3,    184.909,  117.0,         0, 4,    2.18884,   26.8,         0
"B3200", 0, 1,    193.564,   -1.7,         0, 2,    200.481, -120.7,         0, 3,    191.906,  118.0,         0, 4,    4.37316,   59.7,         0
"B286", 0, 1,    218.049,   -2.1,         0, 2,    224.858, -121.2,         0, 3,    222.939,  119.2,         0, 4,    1.34949,  -36.2,         0
"B3005", 0, 1,    192.615,   -1.9,         0, 2,    200.249, -120.7,         0, 3,    191.186,  117.9,         0, 4,    4.90036,   56.3,         0
"B1416", 0, 1,    217.971,   -1.3,         0, 2,    215.432, -123.2,         0, 3,    225.625,  119.3,         0, 4,    7.99746, -112.2,         0
"B2431", 0, 1,    197.518,   -3.7,         0, 2,      217.5, -121.4,         0, 3,     211.75,  119.0,         0, 4,    8.63652,  -13.9,         0
"B1269", 0, 1,    192.934,   -1.9,         0, 2,    200.245, -120.7,         0, 3,    191.186,  117.9,         0, 4,    4.73172,   59.6,         0
"B798", 0, 1,    189.138,   -2.7,         0, 2,    196.366, -121.4,         0, 3,     186.45,  117.2,         0, 4,    3.32221,   53.8,         0
"B3070", 0, 1,    187.717,   -2.9,         0, 2,    195.913, -121.6,         0, 3,    187.394,  117.1,         0, 4,    3.94794,   16.6,         0
"B1572", 0, 1,    217.934,   -1.3,         0, 2,    215.209, -123.3,         0, 3,     225.66,  119.3,         0, 4,    8.23735, -111.8,         0
"B2174", 0, 1,     216.44,   -1.4,         0, 2,    214.323, -123.6,         0, 3,    225.419,  119.3,         0, 4,    8.29337, -108.2,         0
"B1837", 0, 1,    189.138,   -2.7,         0, 2,    196.366, -121.4,         0, 3,    186.457,  117.2,         0, 4,    3.31989,   53.7,         0
"B1643", 0, 1,    226.832,   -0.7,         0, 2,     226.36, -120.6,         0, 3,    224.482,  118.9,         0, 4,    2.68649,  130.7,         0
"B94", 0, 1,    194.003,   -1.5,         0, 2,    201.272, -120.7,         0, 3,    193.157,  118.2,         0, 4,     4.5774,   56.9,         0
"B790", 0, 1,    226.622,   -0.8,         0, 2,    225.899, -120.7,         0, 3,    225.243,  118.9,         0, 4,    1.50064,  138.7,         0
"B3292", 0, 1,    189.546,   -2.6,         0, 2,    196.467, -121.4,         0, 3,    188.476,  117.4,         0, 4,    3.11157,   26.5,         0
"B1134", 0, 1,    195.897,   -1.2,         0, 2,    202.318, -120.7,         0, 3,    195.051,  118.6,         0, 4,    4.10771,   62.6,         0
"B2582", 0, 1,    193.939,   -1.6,         0, 2,     200.85, -120.7,         0, 3,    192.371,  118.1,         0, 4,    4.39594,   62.0,         0
"B768", 0, 1,    199.383,   -3.3,         0, 2,    217.722, -121.3,         0, 3,    211.677,  119.0,         0, 4,     7.1326,   -7.1,         0
"B270", 0, 1,    194.338,   -1.5,         0, 2,    201.267, -120.7,         0, 3,    193.156,  118.2,         0, 4,    4.40113,   60.5,         0
"B3362", 0, 1,    218.352,   -1.4,         0, 2,    216.985, -122.9,         0, 3,    225.245,  119.3,         0, 4,    6.35942, -115.6,         0
"B2665", 0, 1,    193.064,   -1.8,         0, 2,    200.242, -120.7,         0, 3,    191.327,  117.9,         0, 4,    4.60823,   59.1,         0
"B1873", 0, 1,    221.712,   -1.3,         0, 2,    224.303, -121.4,         0, 3,    226.214,  119.3,         0, 4,    1.01002,  -90.4,         0
"B533", 0, 1,    217.819,   -1.3,         0, 2,    215.294, -123.3,         0, 3,    225.659,  119.3,         0, 4,    8.11056, -111.6,         0
"B364", 0, 1,    226.715,   -0.8,         0, 2,     225.95, -120.7,         0, 3,    222.951,  118.9,         0, 4,    3.83528,  129.5,         0
"B334", 0, 1,    229.246,   -0.4,         0, 2,    229.383, -120.4,         0, 3,    229.132,  119.6,         0, 4,    1.26098,  115.3,         0
"B1298", 0, 1,    230.062,   -0.2,         0, 2,     230.12, -120.2,         0, 3,    230.112,  119.8,         0, 4,     1.1123,  105.8,         0
"B1802", 0, 1,    230.036,   -0.2,         0, 2,    230.104, -120.2,         0, 3,    230.093,  119.8,         0, 4,    1.10648,  105.8,         0
"B3097", 0, 1,    230.036,   -0.2,         0, 2,    230.104, -120.2,         0, 3,    230.093,  119.8,         0, 4,    1.10648,  105.8,         0
